id,first_name,last_name,city,age,gender
0,Tizian,Gutowicz,Mecklenburg-Vorpommern,42,Man
1,Catharina,Rother,Rheinland-Pfalz,42,Woman
2,Raik,Greithanner,Bremen,38,Man
3,Mick,Szendrei,Baden-Württemberg,51,Man
4,Yaren,Deja,Sachsen,23,Woman
5,Janne,Wilts,Brandenburg,33,Man
6,Damian,Best,Bremen,26,Man
7,Vivien,Urban,Saarland,23,Woman
8,Finlay,Hort,Bayern,37,Man
9,Jesse,Ackermann,Nordrhein-Westfalen,26,Man
10,Yaren,Nussbeck,Nordrhein-Westfalen,53,Woman
11,Henri,Wilhelm,Mecklenburg-Vorpommern,47,Man
12,Melissa,Lewke,Hamburg,27,Woman
13,Josefin,Kasten,Brandenburg,48,Woman
14,Nicolas,Markowski,Saarland,51,Man
15,Jill,Greithanner,Berlin,43,Woman
16,Mailin,Buchholz,Berlin,37,Woman
17,Svenja,Biesenbach,Baden-Württemberg,54,Woman
18,Jermaine,Gürbig,Hamburg,45,Man
19,Ferdinand,Lindner,Schleswig-Holstein,43,Man
20,Kevin,Brandenburg,Baden-Württemberg,43,Man
21,Wilhelm,Cleem,Bayern,26,Man
22,Tobias,Winkler,Schleswig-Holstein,29,Man
23,Jason,Tittman,Mecklenburg-Vorpommern,30,Man
24,Eveline,Wiechmann,Saarland,32,Woman
25,Ana,Sachse,Thüringen,39,Woman
26,Florian,Somssich,Nordrhein-Westfalen,24,Man
27,Adriana,Gutjahr,Schleswig-Holstein,50,Woman
28,Ronja,Gehrke,Mecklenburg-Vorpommern,41,Woman
29,Fiete,Dingelstedt,Baden-Württemberg,49,Man
30,Darian,Ne,Rheinland-Pfalz,45,Man
31,Leann,Kette,Berlin,27,Woman
32,Zoe,Kampf,Baden-Württemberg,46,Woman
33,Lea,Tang,Baden-Württemberg,32,Woman
34,Sara,Götzelmann,Bayern,48,Woman
35,Juri,Herwig,Hessen,29,Man
36,Medina,Löser,Sachsen-Anhalt,36,Woman
37,Quentin,Maak,Bremen,55,Man
38,Tarja,Zandt,Hessen,49,Woman
39,Merve,Strutz,Niedersachsen,47,Woman
40,Dina,Michallek,Hessen,31,Woman
41,Patrizia,Bloch,Mecklenburg-Vorpommern,41,Woman
42,Alexa,Welsch,Bremen,33,Woman
43,Arne,Schwartz,Schleswig-Holstein,39,Man
44,Gabriel,Senkel,Niedersachsen,36,Man
45,Line,Kopf,Mecklenburg-Vorpommern,40,Woman
46,Patrice,Kleeberg,Niedersachsen,44,Man
47,Benjamin,Tischler,Bayern,42,Man
48,Mia,Kausemann,Baden-Württemberg,22,Woman
49,Juliana,Liebold,Schleswig-Holstein,35,Woman
50,Kimberly,Lieder,Schleswig-Holstein,28,Woman
51,Christopher,Heist,Nordrhein-Westfalen,43,Man
52,Florian,Sladek,Saarland,35,Man
53,Emirhan,Liebold,Bayern,25,Man
54,Josh,Weniger,Hessen,22,Man
55,Zehra,Kempter,Niedersachsen,31,Woman
56,Ilyas,Keller,Rheinland-Pfalz,46,Man
57,Kira,Klapper,Sachsen-Anhalt,55,Woman
58,Lukas,Ranftl,Nordrhein-Westfalen,29,Man
59,Mark,Zender,Bremen,43,Man
60,Henrick,Gerhardt,Saarland,42,Man
61,Annie,Wolff,Thüringen,43,Woman
62,Evelyn,Lohse,Sachsen-Anhalt,47,Woman
63,Salih,Bouschen,Bayern,37,Man
64,Victor,Hedermann,Bayern,30,Man
65,Kilian,Umminger,Mecklenburg-Vorpommern,54,Man
66,Carlotta,Schäfer,Brandenburg,30,Woman
67,Jane,Ender,Bremen,37,Woman
68,Jennifer,Wieser,Rheinland-Pfalz,30,Woman
69,Benedikt,Karhoff,Nordrhein-Westfalen,49,Man
70,Marlena,Kölotzei,Niedersachsen,35,Woman
71,Gregor,Bogenrieder,Hamburg,49,Man
72,Brandon,Mögenburg,Hamburg,30,Man
73,Annabel,Moeller,Brandenburg,48,Woman
74,Bruno,Bogenrieder,Bremen,38,Man
75,Josh,Mallmann,Sachsen,37,Man
76,Dustin,Krodinger,Thüringen,48,Man
77,Deniz,Kühn,Rheinland-Pfalz,33,Man
78,Friederike,Leibold,Baden-Württemberg,43,Woman
79,Philip,Zahn,Niedersachsen,54,Man
80,Sophia,Rau,Sachsen-Anhalt,45,Woman
81,Marlon,Dittmar,Schleswig-Holstein,21,Man
82,Melissa,Mögenburg,Berlin,37,Woman
83,Elijah,Laux,Saarland,35,Man
84,Mattis,Schäffel,Hessen,23,Man
85,Maja,Salow,Bremen,38,Woman
86,Martha,Heck,Hessen,36,Woman
87,Larissa,Fleischmann,Sachsen,31,Woman
88,Johanna,Stürmer,Schleswig-Holstein,36,Woman
89,Esther,Sauerland,Sachsen,40,Woman
90,Liliana,Fuchs,Mecklenburg-Vorpommern,29,Woman
91,Emre,Koha,Baden-Württemberg,55,Man
92,Lucy,Lausecker,Hessen,51,Woman
93,Maksim,Kick,Sachsen-Anhalt,54,Man
94,Christiano,Jellinghaus,Hamburg,55,Man
95,Lana,Theele,Hessen,45,Woman
96,Heidi,Aigner,Sachsen-Anhalt,45,Woman
97,Finn,Flore,Bayern,42,Man
98,Francesca,Nagel,Rheinland-Pfalz,43,Woman
99,Aylin,Ertl,Hamburg,35,Woman
100,Franz,Straub,Sachsen,27,Man
101,Emirhan,Schoberg,Saarland,26,Man
102,Wibke,Stifel,Berlin,39,Woman
103,Danilo,Osenberg,Hamburg,26,Man
104,Kiana,Kowalinski,Hessen,31,Woman
105,Keno,Thieke,Thüringen,38,Man
106,Ceylin,Ponitzsch,Mecklenburg-Vorpommern,34,Woman
107,Leonardo,Schmitt,Saarland,20,Man
108,Francesca,Lamos,Saarland,32,Woman
109,Leander,Braun,Berlin,43,Man
110,Levent,Laws,Hamburg,30,Man
111,Matthias,Dauth,Berlin,54,Man
112,Melek,Reichel,Niedersachsen,46,Woman
113,Ferdinand,Da,Niedersachsen,50,Man
114,Aliyah,Carlowitz,Schleswig-Holstein,38,Woman
115,Frederike,Zanner,Niedersachsen,27,Woman
116,Jordan,Leyckes,Hamburg,50,Man
117,Enno,Wittich,Brandenburg,26,Man
118,Florian,Vogelgsang,Hessen,39,Man
119,Kenny,Dyett,Rheinland-Pfalz,24,Man
120,Ellen,Kunz,Schleswig-Holstein,21,Woman
121,Valeria,Schäffel,Sachsen-Anhalt,40,Woman
122,Lina,Horn,Bremen,43,Woman
123,Naemi,Habel,Bremen,40,Woman
124,Daniela,Plank,Sachsen,31,Woman
125,Falk,Büker,Saarland,36,Man
126,Sofie,Möcks,Hessen,51,Woman
127,Constantin,Bienasch,Baden-Württemberg,47,Man
128,Leander,Kempe,Nordrhein-Westfalen,34,Man
129,Enno,Kampschulte,Mecklenburg-Vorpommern,23,Man
130,Lennard,Volkmann,Berlin,53,Man
131,Yusuf,Orth,Hamburg,31,Man
132,Luan,Höft,Saarland,27,Man
133,Samuel,Nabow,Rheinland-Pfalz,27,Man
134,Jonah,Franzmann,Mecklenburg-Vorpommern,51,Woman
135,Adriana,Kerl,Sachsen,30,Woman
136,Meik,Ackermann,Schleswig-Holstein,31,Man
137,Kayra,Tiedtke,Brandenburg,54,Woman
138,Bastian,Kutzner,Bayern,40,Man
139,Alea,Lufft,Brandenburg,22,Woman
140,Jeremie,Nau,Bayern,42,Man
141,Giuseppe,Herms,Sachsen-Anhalt,33,Man
142,Ansgar,Liebold,Schleswig-Holstein,22,Man
143,Jesper,Grosser,Mecklenburg-Vorpommern,36,Man
144,Aylin,Grube,Schleswig-Holstein,21,Woman
145,Marisa,Horna,Rheinland-Pfalz,32,Woman
146,Lenny,Ne,Hessen,30,Man
147,Tillmann,Grube,Sachsen,20,Man
148,Carlotta,Heinemann,Schleswig-Holstein,29,Woman
149,Diana,Bohge,Brandenburg,20,Woman
150,Riana,Zender,Sachsen,22,Woman
151,Sönke,Liebach,Baden-Württemberg,47,Man
152,Hanna,Schütze,Bayern,20,Woman
153,Sydney,Mulrain,Nordrhein-Westfalen,53,Woman
154,Mila,Gabius,Hamburg,27,Woman
155,Lennox,Elbe,Brandenburg,53,Man
156,Pit,Siewert,Sachsen-Anhalt,36,Man
157,Bjarne,Apitz,Schleswig-Holstein,43,Man
158,Emilie,Hinrichs,Sachsen-Anhalt,53,Woman
159,Sude,Krauspe,Brandenburg,27,Woman
160,Luis,Mohr,Sachsen-Anhalt,33,Man
161,Eileen,Wurm,Hessen,51,Woman
162,Alexia,Heidelmann,Bayern,36,Woman
163,Leoni,Osei,Berlin,21,Woman
164,Toni,Harting,Baden-Württemberg,22,Man
165,Ivonne,Schüler,Schleswig-Holstein,25,Woman
166,Milo,Sören,Hamburg,22,Man
167,Annalena,Alexa,Niedersachsen,30,Woman
168,Felicia,Marner,Nordrhein-Westfalen,46,Woman
169,Ferdinand,Kaiser,Bremen,21,Man
170,Saskia,Hooss,Thüringen,23,Woman
171,Leon,Seidel,Nordrhein-Westfalen,44,Man
172,Yaren,Siemon,Saarland,30,Woman
173,Lily,Morhelfer,Sachsen,31,Woman
174,Mathis,Thimm,Thüringen,22,Man
175,Thilo,Beh,Hamburg,48,Man
176,Adam,Anding,Bremen,33,Man
177,Florentine,Roleder,Hessen,20,Woman
178,Lutz,Senkel,Sachsen-Anhalt,52,Man
179,Melek,Sonnabend,Thüringen,23,Woman
180,Sina,Naubert,Schleswig-Holstein,50,Woman
181,Lionel,Börner,Niedersachsen,37,Man
182,Constantin,Mögenburg,Brandenburg,34,Man
183,Dylan,Busse,Schleswig-Holstein,34,Man
184,Umut,Metzger,Brandenburg,20,Man
185,Kevin,Beggerow,Bremen,44,Man
186,Hannah,Ziegler,Rheinland-Pfalz,32,Woman
187,Boris,Flottmann,Sachsen,27,Man
188,Summer,Onnen,Berlin,50,Woman
189,Josie,Gromisch,Bremen,20,Woman
190,Bela,Mathies,Baden-Württemberg,34,Man
191,Lena,Jander,Saarland,53,Woman
192,Martin,Nussbeck,Sachsen,31,Man
193,Sophie,Geiger,Niedersachsen,52,Woman
194,Jonah,Dreher,Thüringen,28,Man
195,Luan,Schulze,Sachsen-Anhalt,29,Man
196,Giuliano,Terlecki,Brandenburg,36,Man
197,Jayden,Mayer,Niedersachsen,55,Man
198,Aleyna,Nodler,Saarland,36,Woman
199,Connor,Zuber,Hessen,45,Man
200,Ismail,Roschinsky,Mecklenburg-Vorpommern,41,Man
201,Isabell,Kúhn,Brandenburg,26,Woman
202,Georg,Langfeld,Sachsen-Anhalt,28,Man
203,Rike,Werrmann,Hessen,31,Woman
204,Tamino,Grothkopp,Bremen,26,Man
205,Bryan,Spitzmüller,Sachsen,25,Man
206,Koray,Stern,Baden-Württemberg,40,Man
207,Jamila,Busse,Sachsen,41,Woman
208,Nele,Hirsch,Niedersachsen,22,Woman
209,Johanna,Krabbe,Baden-Württemberg,46,Woman
210,Ibrahim,Koehl,Baden-Württemberg,30,Man
211,Anneke,Pusch,Sachsen-Anhalt,47,Woman
212,Bilal,Hedermann,Thüringen,53,Man
213,Berkay,Rockmeier,Bayern,52,Man
214,Linus,Grimm,Niedersachsen,30,Man
215,Malena,Nabow,Sachsen,39,Woman
216,Matilda,Franta,Saarland,45,Woman
217,Dean,Sonn,Niedersachsen,40,Man
218,Melina,Kraft,Mecklenburg-Vorpommern,36,Woman
219,Isabell,Striezel,Baden-Württemberg,47,Woman
220,René,Brauer,Hessen,55,Man
221,Franziska,Marxen,Mecklenburg-Vorpommern,39,Woman
222,Esther,Lübke,Brandenburg,35,Woman
223,Jesse,Thieke,Nordrhein-Westfalen,48,Man
224,Judith,Kurschilgen,Niedersachsen,53,Woman
225,Ayman,Ewald,Hamburg,34,Man
226,Maren,Börner,Thüringen,30,Woman
227,Helin,Gehrke,Thüringen,27,Woman
228,Pius,Farber,Sachsen-Anhalt,43,Man
229,Emir,Dilla,Schleswig-Holstein,54,Man
230,René,Zipse,Thüringen,51,Man
231,Adelina,Roschinsky,Bremen,44,Woman
232,Joline,Hohn,Nordrhein-Westfalen,31,Woman
233,Edwin,Krämer,Thüringen,42,Man
234,Bo,Tafelmeier,Nordrhein-Westfalen,21,Man
235,Davide,Lobinger,Niedersachsen,39,Man
236,Dean,Gerson,Baden-Württemberg,25,Man
237,Lucienne,Merkel,Niedersachsen,40,Woman
238,Caroline,Laux,Niedersachsen,28,Woman
239,Hassan,Wachenbrunner,Niedersachsen,20,Man
240,Sude,Wassiluk,Sachsen-Anhalt,28,Woman
241,Jared,Überacker,Hamburg,43,Man
242,Sofia,Schniedermeier,Bremen,55,Woman
243,Marwin,Kesselring,Bayern,42,Man
244,Mira,Goldfuss,Rheinland-Pfalz,30,Woman
245,Emanuel,Wollenberg,Bayern,51,Man
246,Elsa,Krämer,Saarland,36,Woman
247,Sarah,Krauspe,Sachsen,40,Woman
248,Manuel,Bühler,Rheinland-Pfalz,38,Man
249,Esma,Welzel,Mecklenburg-Vorpommern,52,Woman
250,Yasin,Flore,Bayern,54,Man
251,Ibrahim,Isak,Schleswig-Holstein,50,Man
252,Judith,Seelig,Niedersachsen,43,Woman
253,Jayden,Woytkowska,Rheinland-Pfalz,45,Man
254,Tamara,Buchrucker,Saarland,27,Woman
255,Felicia,Rosenbauer,Nordrhein-Westfalen,36,Woman
256,Sabrina,Nodler,Niedersachsen,55,Woman
257,Bernd,Walter,Nordrhein-Westfalen,34,Man
258,Arno,Siener,Hessen,31,Man
259,Aurelia,Schwab,Baden-Württemberg,30,Woman
260,Eddy,Stang,Hamburg,43,Man
261,Tim,Betz,Brandenburg,41,Man
262,Tyler,Schäning,Niedersachsen,44,Man
263,Stefan,Karus,Brandenburg,39,Man
264,Leandro,Leo,Nordrhein-Westfalen,28,Man
265,Salome,Filipowski,Hessen,43,Woman
266,Timon,Kuschmann,Hessen,25,Man
267,Sinan,Klein,Mecklenburg-Vorpommern,29,Man
268,Noel,Rüdiger,Nordrhein-Westfalen,35,Man
269,Mio,Greger,Sachsen-Anhalt,42,Man
270,Fenja,Bigdeli,Schleswig-Holstein,35,Woman
271,Toni,De,Hessen,28,Man
272,Erik,Rahn,Hamburg,53,Man
273,Mieke,Lippe,Hessen,41,Woman
274,Carlo,Neuendorf,Baden-Württemberg,39,Man
275,Gianluca,Laux,Hamburg,44,Man
276,Selin,Hingsen,Berlin,41,Woman
277,Daniel,Pfersich,Sachsen-Anhalt,29,Man
278,Collin,Da,Bremen,50,Man
279,Aliya,Ostendarp,Thüringen,26,Woman
280,Mio,Hesse,Sachsen,33,Man
281,Betty,Ranftl,Brandenburg,50,Woman
282,Benjamin,Höcke,Sachsen-Anhalt,32,Man
283,Riana,Bräutigam,Brandenburg,54,Woman
284,Giuseppe,Riedel,Hessen,37,Man
285,Azra,Goldkühle,Brandenburg,31,Woman
286,Malia,Laws,Saarland,51,Woman
287,Annalena,Goldkühle,Bayern,32,Woman
288,Timm,Henry,Niedersachsen,49,Man
289,Linn,Schwarthoff,Sachsen-Anhalt,39,Woman
290,Konstantin,Schwidde,Thüringen,50,Man
291,Melvin,Gotthardt,Berlin,25,Man
292,Finlay,Lindenmayer,Brandenburg,44,Man
293,Jack,Kumbernuss,Mecklenburg-Vorpommern,23,Man
294,Klemens,Leiteritz,Mecklenburg-Vorpommern,27,Man
295,Nela,Hadwich,Nordrhein-Westfalen,34,Woman
296,Sarah,Tepper,Schleswig-Holstein,20,Woman
297,Madita,Eisenlauer,Thüringen,34,Woman
298,Madeleine,Hooss,Thüringen,35,Woman
299,Quentin,Goller,Hamburg,34,Man
300,Luan,Blume,Sachsen-Anhalt,46,Man
301,James,Hiebl,Schleswig-Holstein,38,Man
302,Keanu,Röse,Bremen,34,Man
303,Emanuel,Spelmeyer,Mecklenburg-Vorpommern,30,Man
304,Jaden,Dietzsch,Schleswig-Holstein,49,Man
305,Jil,Lichtenfeld,Niedersachsen,44,Woman
306,Henriette,Tuschmo,Nordrhein-Westfalen,33,Woman
307,Joel,Tächl,Hamburg,27,Man
308,Nelson,Ranftl,Hessen,41,Man
309,Nevio,Prediger,Bayern,29,Man
310,Diana,Plautz,Hamburg,46,Woman
311,Mirac,Hugo,Baden-Württemberg,34,Man
312,Yusuf,Kovacs,Nordrhein-Westfalen,23,Man
313,Ricardo,Jellinghaus,Baden-Württemberg,53,Man
314,Marta,Sack,Sachsen-Anhalt,49,Woman
315,Laura,Crews,Bayern,38,Woman
316,Isabel,Gunkel,Brandenburg,35,Woman
317,Tamino,Verzi,Saarland,31,Man
318,Joy,Knoll,Niedersachsen,48,Woman
319,Medina,Gürbig,Niedersachsen,24,Woman
320,Francesca,Frosch,Bremen,51,Woman
321,Sahra,Marner,Nordrhein-Westfalen,24,Woman
322,Carlotta,Mühleis,Niedersachsen,35,Woman
323,Bent,Filsinger,Hessen,49,Man
324,Josef,Hentel,Hamburg,37,Man
325,Martha,Verzi,Baden-Württemberg,31,Woman
326,Loreen,Tischmann,Saarland,20,Woman
327,Eva,Tischmann,Bremen,36,Woman
328,Adam,Schütze,Bremen,42,Man
329,Nila,Tivontschik,Bremen,30,Woman
330,Bennet,Kowalinski,Thüringen,37,Man
331,Pauline,Teichmann,Rheinland-Pfalz,27,Woman
332,Efe,Apitz,Bayern,24,Man
333,Lucas,Schwarzmeier,Berlin,40,Man
334,Michelle,Erm,Hamburg,50,Woman
335,Mohamed,Ahlke,Bayern,54,Man
336,Joost,Steffny,Bayern,42,Man
337,Celina,Beer,Sachsen-Anhalt,30,Woman
338,Laila,Reif,Sachsen-Anhalt,28,Woman
339,Jill,Geiger,Saarland,28,Woman
340,Bernd,Ender,Thüringen,27,Man
341,Mirco,Schneider,Bremen,24,Man
342,Anna,Cotthardt,Hessen,21,Woman
343,Kristin,Schott,Hessen,55,Woman
344,Aliya,Schwarzkopf,Sachsen-Anhalt,35,Woman
345,Viktor,Brandt,Thüringen,32,Man
346,Lucien,Leitheim,Bayern,27,Man
347,Summer,Horn,Sachsen-Anhalt,50,Woman
348,Carlotta,Jahnke,Bremen,48,Woman
349,Talea,Huls,Bremen,39,Woman
350,Lars,Wolff,Brandenburg,53,Man
351,Luiz,Lohre,Niedersachsen,28,Man
352,Phoebe,Klopsch,Schleswig-Holstein,27,Woman
353,Murat,Nöh,Rheinland-Pfalz,20,Man
354,Svea,Dolch,Nordrhein-Westfalen,33,Woman
355,Eva,De,Hessen,25,Woman
356,Teresa,Teufel,Hessen,32,Woman
357,Enno,Tress,Sachsen-Anhalt,48,Man
358,Anthony,Krodinger,Bayern,33,Man
359,Henning,Rittweg,Rheinland-Pfalz,25,Man
360,Dylan,Lang,Mecklenburg-Vorpommern,45,Man
361,Elea,Tietze,Brandenburg,29,Woman
362,Sammy,Pfingsten,Thüringen,53,Man
363,Joey,Kohle,Saarland,48,Man
364,Eric,Kubera,Sachsen,28,Man
365,Laureen,Neuschwander,Schleswig-Holstein,31,Woman
366,Jason,Volkmann,Hessen,53,Man
367,Celia,Brömme,Sachsen,40,Woman
368,Mathilde,Thöne,Berlin,36,Woman
369,Bela,Byrd,Thüringen,27,Man
370,Mario,Rosenthal,Rheinland-Pfalz,48,Man
371,Christina,Schmuhl,Berlin,24,Woman
372,Sophie,Benner,Niedersachsen,46,Woman
373,Youssef,Kupfer,Saarland,33,Man
374,Friederike,Florczak,Hessen,31,Woman
375,Carolina,Leschnik,Sachsen-Anhalt,25,Woman
376,Raik,Gutjahr,Rheinland-Pfalz,41,Man
377,Juan,Schwennen,Baden-Württemberg,23,Man
378,Justus,Meisch,Sachsen,50,Man
379,Franz,Bethke,Niedersachsen,44,Man
380,Ramon,Kowalinski,Bremen,22,Man
381,Matthias,Kutscherauer,Hessen,35,Man
382,Marissa,Bürger,Rheinland-Pfalz,45,Woman
383,Mira,Salzer,Schleswig-Holstein,40,Woman
384,Carlo,Schultz,Mecklenburg-Vorpommern,52,Man
385,Melvin,Wehrsen,Sachsen-Anhalt,24,Man
386,Zoe,Schwarzer,Bayern,22,Woman
387,Alessandro,Tächl,Nordrhein-Westfalen,53,Man
388,Stefanie,Beggerow,Bremen,20,Woman
389,Laura,Leide,Nordrhein-Westfalen,43,Woman
390,Mathilda,Bultmann,Sachsen-Anhalt,21,Woman
391,Hagen,Daum,Baden-Württemberg,52,Man
392,Chiara,Straub,Brandenburg,30,Woman
393,Yara,Kinzel,Nordrhein-Westfalen,28,Woman
394,Immanuel,Dörner,Rheinland-Pfalz,51,Man
395,Norman,Sollner,Bayern,33,Man
396,Albert,Malkus,Saarland,36,Man
397,Nikolas,Schönfeld,Saarland,45,Man
398,Milena,Reichling,Schleswig-Holstein,49,Woman
399,Ilja,Huke,Baden-Württemberg,52,Man
400,Jim,Venghaus,Niedersachsen,47,Man
401,Luca,Goebel,Sachsen,51,Woman
402,Merve,Kausemann,Hamburg,53,Woman
403,Corinna,Jonas,Rheinland-Pfalz,39,Woman
404,Salih,Moser,Berlin,21,Man
405,Luka,Boruschewski,Rheinland-Pfalz,46,Man
406,Nikita,Liebich,Berlin,42,Woman
407,Emelie,Hadwich,Niedersachsen,34,Woman
408,Meik,Lutje,Berlin,51,Man
409,Jordan,Schley,Baden-Württemberg,32,Man
410,Levke,Zimmermann,Sachsen,48,Woman
411,Jaron,Jossa,Brandenburg,36,Man
412,Titus,Langhirt,Hessen,52,Man
413,Josh,Rapp,Baden-Württemberg,29,Man
414,Adriano,Everts,Sachsen-Anhalt,23,Man
415,Katrin,Schönberg,Bayern,44,Woman
416,Erik,Kedzierski,Baden-Württemberg,54,Man
417,Tore,Schnelting,Bayern,31,Man
418,Benno,Stoll,Bremen,42,Man
419,Filip,Uhlig,Hessen,33,Man
420,Jeremy,Schmitt,Brandenburg,42,Man
421,Nicolas,Nicolay,Sachsen,40,Man
422,Valentina,Habel,Brandenburg,28,Woman
423,Kian,Meloni,Schleswig-Holstein,48,Man
424,Ariana,Konya,Thüringen,23,Woman
425,Ole,Oppong,Mecklenburg-Vorpommern,51,Man
426,Carlotta,Newton,Baden-Württemberg,40,Woman
427,Carlotta,Schulte,Brandenburg,34,Woman
428,Maren,Lipus,Saarland,54,Woman
429,Kathrin,Weyel,Hessen,26,Woman
430,Arwen,Kampschulte,Sachsen,30,Woman
431,Alma,Cronjäger,Brandenburg,35,Woman
432,Jeremie,Koester,Bremen,38,Man
433,Fabrice,Knoll,Saarland,43,Man
434,Jil,Schwidde,Bayern,55,Woman
435,Mina,Liebich,Mecklenburg-Vorpommern,48,Woman
436,Josefin,Gotz,Saarland,25,Woman
437,Marwin,Eifert,Brandenburg,38,Man
438,Alexis,Schüppel,Niedersachsen,34,Woman
439,Gregor,Goller,Mecklenburg-Vorpommern,22,Man
440,Madleen,Wimmer,Thüringen,52,Woman
441,Wilhelm,Voelkel,Niedersachsen,30,Man
442,Onur,Tillack,Bremen,49,Man
443,Willi,Volkmann,Schleswig-Holstein,23,Man
444,Natalie,Pöge,Brandenburg,41,Woman
445,Tomke,Golomski,Bremen,45,Woman
446,Jannes,Galander,Bremen,28,Man
447,Nathalie,Saumweber,Niedersachsen,29,Woman
448,Anton,Friedek,Sachsen-Anhalt,41,Man
449,Ecrin,Röse,Baden-Württemberg,25,Man
450,Daniela,Mertens,Niedersachsen,24,Woman
451,Victoria,Hedermann,Hamburg,28,Woman
452,Nia,Moll,Sachsen,46,Woman
453,Loreen,Jamrozy,Rheinland-Pfalz,43,Woman
454,Timon,Trampeli,Brandenburg,39,Man
455,Alexis,Klemme,Brandenburg,51,Woman
456,Ahmad,Muckenthaler,Bremen,34,Man
457,Yannic,Frahmeke,Saarland,27,Man
458,Leonidas,Savoia,Rheinland-Pfalz,47,Man
459,Joshua,Kisabaka,Mecklenburg-Vorpommern,54,Man
460,Livia,Kick,Sachsen-Anhalt,53,Woman
461,Tim,Bauschke,Rheinland-Pfalz,45,Man
462,Jasper,Manns,Nordrhein-Westfalen,22,Man
463,Calvin,Camara,Thüringen,39,Man
464,Lilith,Baseda,Hamburg,53,Woman
465,Efe,Erm,Sachsen,46,Man
466,Luka,Axmann,Hessen,37,Man
467,Jasmina,Keller,Saarland,54,Woman
468,Sandro,Feller,Sachsen-Anhalt,28,Man
469,Meryem,Sporrer,Nordrhein-Westfalen,26,Woman
470,Niklas,Deerberg,Bayern,44,Man
471,Mika,Böttner,Rheinland-Pfalz,21,Man
472,Aliyah,Drews,Bremen,28,Woman
473,Cosima,Reichardt,Hessen,40,Woman
474,Jamie,Ryjikh,Baden-Württemberg,52,Woman
475,Elia,Schwanitz,Sachsen,29,Man
476,Mustafa,Hügel,Rheinland-Pfalz,54,Man
477,Angela,Lichtenfeld,Thüringen,20,Woman
478,Lenja,Baumann,Niedersachsen,43,Woman
479,Alicia,Florczak,Bremen,53,Woman
480,Helene,Stern,Saarland,39,Woman
481,Tamia,Will,Bremen,44,Woman
482,Jenny,Grossheim,Baden-Württemberg,45,Woman
483,Sam,Höcke,Sachsen,20,Man
484,Lino,Schulz,Baden-Württemberg,41,Man
485,Finley,Vahlensieck,Baden-Württemberg,31,Man
486,Cassandra,Cordes,Hamburg,20,Woman
487,Colleen,Itt,Bremen,35,Woman
488,Kilian,Maisch,Baden-Württemberg,28,Man
489,Justine,Herms,Sachsen,48,Woman
490,Hugo,Lauckner,Saarland,34,Man
491,Yannick,Kulma,Saarland,43,Man
492,Aylin,Günther,Bayern,28,Woman
493,Melissa,Mallmann,Brandenburg,22,Woman
494,Laurin,Kurnicki,Saarland,39,Man
495,Linnea,Pinnock,Baden-Württemberg,21,Woman
496,Thomas,Kleeberg,Bayern,30,Man
497,Sina,Borrmann,Rheinland-Pfalz,20,Woman
498,Jamal,Bos,Thüringen,40,Man
499,Henrik,Gabler,Berlin,44,Man
500,Matthis,Kemper,Sachsen-Anhalt,23,Man
501,Fatma,Muckenthaler,Hessen,42,Woman
502,Diego,Möcks,Brandenburg,42,Man
503,Ahmad,Bloch,Schleswig-Holstein,43,Man
504,Dion,Leschnik,Bremen,35,Man
505,Ole,Schniedermeier,Sachsen-Anhalt,29,Man
506,Niklas,Faulhaber,Hamburg,32,Man
507,Leyla,Cierpinski,Saarland,34,Woman
508,Colleen,Restle,Nordrhein-Westfalen,28,Woman
509,Dylan,Ecker,Bremen,50,Man
510,Julienne,Koj,Sachsen-Anhalt,53,Woman
511,Baris,Schieskow,Saarland,46,Man
512,Adriana,Ernst,Schleswig-Holstein,44,Woman
513,Kjell,Jansen,Berlin,23,Man
514,Felicia,Bogenrieder,Hessen,31,Woman
515,Joleen,Frahmeke,Bremen,23,Woman
516,Amir,Stöckert,Brandenburg,28,Man
517,Leni,Greithanner,Brandenburg,25,Woman
518,Carl,Bogenrieder,Thüringen,52,Man
519,Elaine,Olbrich,Sachsen-Anhalt,32,Woman
520,Amelia,Moguenara,Rheinland-Pfalz,34,Woman
521,Andreas,Meyer,Hamburg,43,Man
522,Mio,Roba,Hessen,45,Man
523,Julienne,Dück,Bayern,55,Woman
524,Lotte,Schwuchow,Bremen,38,Woman
525,Line,Stoll,Niedersachsen,26,Woman
526,Toni,Dobler,Niedersachsen,53,Man
527,Dean,Kirch,Schleswig-Holstein,51,Man
528,Marc,Beele,Saarland,46,Man
529,Emma,Steding,Sachsen-Anhalt,25,Woman
530,Jason,Grube,Hamburg,41,Man
531,Maya,Gradzki,Schleswig-Holstein,32,Woman
532,Vito,Deja,Saarland,37,Man
533,Medina,Gens,Rheinland-Pfalz,29,Woman
534,Thea,Aigner,Bayern,52,Woman
535,Jil,Lienshöft,Hessen,23,Woman
536,Niklas,Willwacher,Brandenburg,29,Man
537,Nevio,Hanniske,Bayern,25,Man
538,Liz,Kelm,Brandenburg,49,Woman
539,Joey,Neuschwander,Mecklenburg-Vorpommern,40,Man
540,Lewin,Willwacher,Schleswig-Holstein,48,Man
541,Tristan,Carlowitz,Hamburg,35,Man
542,Sofia,Kúhnert,Saarland,34,Woman
543,Mika,Hönig,Rheinland-Pfalz,25,Man
544,Linda,Griem,Sachsen-Anhalt,49,Woman
545,Melanie,Voelkel,Hamburg,50,Woman
546,Nadja,Reppin,Nordrhein-Westfalen,48,Woman
547,Lias,Mesloh,Berlin,52,Man
548,Viktor,Boxhammer,Schleswig-Holstein,26,Man
549,Finnja,Pletsch,Sachsen-Anhalt,27,Woman
550,Joe,Mathiszik,Berlin,35,Man
551,Rosa,Reusse,Nordrhein-Westfalen,40,Woman
552,Nathalie,Freisen,Bremen,52,Woman
553,Johannes,Greithanner,Niedersachsen,39,Man
554,Theodor,Schlechtweg,Baden-Württemberg,42,Man
555,Alisha,Verniest,Mecklenburg-Vorpommern,33,Woman
556,Jannik,Goller,Baden-Württemberg,48,Man
557,Lennert,Knabe,Thüringen,38,Man
558,Loris,Behrenbruch,Rheinland-Pfalz,48,Man
559,Marah,Dressler,Bayern,26,Woman
560,Baris,Bühler,Hessen,36,Man
561,Jacqueline,Spank,Rheinland-Pfalz,54,Woman
562,Marco,Bauermeister,Hamburg,29,Man
563,Emre,Semisch,Schleswig-Holstein,41,Man
564,Jeremias,Jamrozy,Bayern,41,Man
565,Florian,Farber,Baden-Württemberg,30,Man
566,Falk,Ranz,Hessen,22,Man
567,Tomke,Malek,Rheinland-Pfalz,42,Woman
568,Xenia,Pitschugin,Niedersachsen,49,Woman
569,Johannes,Hirt,Baden-Württemberg,54,Man
570,Ben,Möhsner,Hessen,35,Man
571,Sonja,Maurer,Bayern,41,Woman
572,Emelie,Klemme,Sachsen,27,Woman
573,Inka,Martin,Rheinland-Pfalz,42,Woman
574,Sally,Koj,Brandenburg,41,Woman
575,Fenja,Skibicki,Saarland,53,Woman
576,Oscar,Sinnhuber,Sachsen,36,Man
577,Ricardo,Frantz,Hamburg,27,Man
578,Arian,Jakubczyk,Mecklenburg-Vorpommern,54,Man
579,Elena,Pichlmaier,Brandenburg,36,Woman
580,Sandro,Gröss,Schleswig-Holstein,35,Man
581,Saskia,Osenberg,Brandenburg,48,Woman
582,Marc,Niklaus,Baden-Württemberg,31,Man
583,Daniela,Leimbach,Brandenburg,38,Woman
584,Yara,Brinkmann,Mecklenburg-Vorpommern,49,Woman
585,Alena,Kreb,Sachsen-Anhalt,24,Woman
586,Sarah,Herold,Sachsen,35,Woman
587,Steve,Stephan,Sachsen-Anhalt,25,Man
588,Nike,Holzdeppe,Rheinland-Pfalz,38,Woman
589,Yaren,Kaufmann,Hessen,37,Woman
590,Nathanael,Zimmer,Mecklenburg-Vorpommern,36,Man
591,Mathilde,Röttger,Saarland,34,Woman
592,Milana,Pollmächer,Bremen,44,Woman
593,Santino,Moormann,Brandenburg,30,Man
594,Nike,Schmid,Brandenburg,24,Woman
595,Karl,Fenner,Niedersachsen,39,Man
596,Janis,Beck,Schleswig-Holstein,51,Man
597,Leonardo,Huhn,Hessen,33,Man
598,Umut,Herschmann,Baden-Württemberg,21,Man
599,Friederike,Goedicke,Mecklenburg-Vorpommern,39,Woman
600,Dylan,Schuermann,Berlin,37,Man
601,Jordan,Strunz,Niedersachsen,42,Man
602,Sonja,Grothkopp,Baden-Württemberg,42,Woman
603,Diana,Wallner,Rheinland-Pfalz,21,Woman
604,Emmy,Brandenburg,Saarland,25,Woman
605,Lilian,Conrad,Schleswig-Holstein,34,Woman
606,Karoline,Herrmann,Hessen,35,Woman
607,Janne,Lindenberg,Sachsen,30,Woman
608,Theo,Marquart,Schleswig-Holstein,49,Man
609,Anneke,Beavogui,Bayern,38,Woman
610,Lasse,Zinser,Rheinland-Pfalz,21,Man
611,Andrew,Bönisch,Thüringen,49,Man
612,Antonia,Döbel,Sachsen,51,Woman
613,Piet,Schuermann,Nordrhein-Westfalen,21,Man
614,Klaas,Sehls,Sachsen-Anhalt,20,Man
615,Levi,Kirch,Sachsen-Anhalt,34,Man
616,Juan,Scherer,Thüringen,37,Man
617,Mathis,Schwennen,Niedersachsen,22,Man
618,Ronja,Brüggmann,Schleswig-Holstein,21,Woman
619,Toni,Rahn,Bayern,29,Man
620,Catrin,Sewald,Brandenburg,40,Woman
621,Milla,Mrugalla,Mecklenburg-Vorpommern,50,Woman
622,Stefan,Rautenkranz,Schleswig-Holstein,43,Man
623,Jari,Lehner,Berlin,51,Man
624,Sofia,Hoffmann,Thüringen,23,Woman
625,Tia,Jellinghaus,Sachsen-Anhalt,49,Woman
626,Selim,Zandt,Baden-Württemberg,53,Man
627,Sören,Jakobs,Sachsen,39,Man
628,Joel,Stanger,Niedersachsen,30,Man
629,Pepe,Mehlhorn,Baden-Württemberg,53,Man
630,Kerim,Gehrig,Berlin,37,Man
631,Amanda,Tuch,Saarland,33,Woman
632,Bryan,Cordes,Hamburg,37,Man
633,Valentin,Rath,Berlin,28,Man
634,Fabienne,Maak,Baden-Württemberg,33,Woman
635,Xenia,Szendrei,Thüringen,27,Woman
636,Susanne,Eplinius,Rheinland-Pfalz,36,Woman
637,Lynn,Haupt,Brandenburg,41,Woman
638,Robert,Gakstädter,Schleswig-Holstein,28,Man
639,Fabien,Trampeli,Sachsen-Anhalt,45,Man
640,Ansgar,Esenwein,Niedersachsen,46,Man
641,Luk,Bak,Berlin,36,Man
642,Tjark,Umbach,Nordrhein-Westfalen,37,Man
643,Sabrina,Tuch,Hessen,49,Woman
644,Katharina,Lippe,Bayern,25,Woman
645,Dion,Gehrig,Mecklenburg-Vorpommern,45,Man
646,Niclas,Camara,Baden-Württemberg,25,Man
647,Aleyna,Kneifel,Schleswig-Holstein,54,Woman
648,Jan,Mielke,Sachsen-Anhalt,27,Man
649,Victoria,Rodowski,Sachsen,23,Woman
650,Maryam,Dold,Mecklenburg-Vorpommern,34,Woman
651,Dion,Schreiber,Bremen,44,Man
652,Eva,Hasler,Sachsen,30,Woman
653,Gina,Neupert,Sachsen-Anhalt,25,Woman
654,Niko,Zapletal,Nordrhein-Westfalen,40,Man
655,Taha,Ecker,Saarland,25,Man
656,Tristan,Keiner,Baden-Württemberg,30,Man
657,Gino,Tegethof,Berlin,46,Man
658,Mathilda,Haverney,Brandenburg,35,Woman
659,Melike,Biba,Baden-Württemberg,43,Woman
660,Maryam,Ghosh,Sachsen,26,Woman
661,Loris,Poehn,Sachsen,31,Man
662,Milan,Strunz,Berlin,40,Man
663,Jonna,Kettenis,Schleswig-Holstein,49,Woman
664,Karina,Uibel,Hamburg,52,Woman
665,Matthias,Kutscherauer,Bremen,43,Man
666,Gabriel,Gromisch,Hessen,23,Man
667,Erik,Berger,Mecklenburg-Vorpommern,35,Man
668,Leah,Schoberg,Bayern,25,Woman
669,Aliyah,Buchholz,Baden-Württemberg,21,Woman
670,Lotte,Sihler,Sachsen-Anhalt,25,Woman
671,Len,Petzold,Niedersachsen,39,Man
672,Tamino,Mulrain,Niedersachsen,51,Man
673,Hermine,Fuchs,Rheinland-Pfalz,37,Woman
674,Jane,Büchele,Schleswig-Holstein,44,Woman
675,Lewis,Kuhlee,Hamburg,26,Man
676,Lindsay,Einert,Brandenburg,37,Woman
677,Juliana,Dobbrunz,Sachsen,23,Woman
678,Marius,Baumann,Schleswig-Holstein,25,Man
679,Miray,Kreb,Niedersachsen,48,Woman
680,Marika,Lichtl,Mecklenburg-Vorpommern,38,Woman
681,Gian,Lindenberg,Sachsen-Anhalt,25,Man
682,Jolina,Kleinmann,Niedersachsen,52,Woman
683,Marc,Gastel,Nordrhein-Westfalen,27,Man
684,Jasper,Krueger,Nordrhein-Westfalen,23,Man
685,Leroy,Vogelgsang,Schleswig-Holstein,55,Man
686,Nia,Güldemeister,Hessen,20,Woman
687,Ilyas,Östringer,Berlin,43,Man
688,Liam,Dethloff,Nordrhein-Westfalen,34,Man
689,Yannick,Orthmann,Baden-Württemberg,38,Man
690,Melvin,Madetzky,Berlin,43,Man
691,Bennet,Kuprion,Brandenburg,25,Man
692,Marc,Tafelmeier,Brandenburg,32,Man
693,Jano,Griem,Hessen,39,Man
694,Milena,Spahn,Brandenburg,54,Woman
695,Sabrina,Ranz,Rheinland-Pfalz,34,Woman
696,Rebecca,Lehner,Nordrhein-Westfalen,36,Woman
697,Carlo,Mathies,Berlin,42,Man
698,Joleen,Schuermann,Thüringen,41,Woman
699,Stefan,Schult,Brandenburg,30,Man
700,Johanna,Schnieder,Thüringen,39,Woman
701,Alan,Herschmann,Sachsen,52,Man
702,Patrick,Weniger,Hamburg,37,Man
703,Tim,Gast,Bremen,27,Man
704,Elly,Schuhaj,Schleswig-Holstein,24,Woman
705,Julina,Liebe,Bremen,46,Woman
706,Joost,Tivontschik,Saarland,33,Man
707,Pia,Heinig,Mecklenburg-Vorpommern,23,Woman
708,Juliana,Erlei,Thüringen,32,Woman
709,Karla,Janke,Schleswig-Holstein,20,Woman
710,Ismael,Huke,Bayern,55,Man
711,Jaron,Hütter,Sachsen-Anhalt,50,Man
712,Jonah,Moormann,Rheinland-Pfalz,38,Woman
713,Alyssa,Koszewski,Schleswig-Holstein,32,Woman
714,Laureen,Heinze,Bremen,32,Woman
715,Matis,Jander,Nordrhein-Westfalen,40,Man
716,Sally,Siebel,Niedersachsen,52,Woman
717,Letizia,Zach,Berlin,43,Woman
718,Danny,Balck,Bremen,28,Man
719,Lisanne,Krull,Schleswig-Holstein,54,Woman
720,Titus,Rodowski,Hamburg,23,Man
721,Estelle,Bühler,Sachsen,33,Woman
722,Marisa,Zinser,Niedersachsen,49,Woman
723,Jayson,Kofferschlager,Baden-Württemberg,29,Man
724,Valentin,Käther,Nordrhein-Westfalen,37,Man
725,Lucienne,Goller,Bayern,54,Woman
726,Karlotta,Schmalzle,Schleswig-Holstein,30,Woman
727,Marlen,Günther,Rheinland-Pfalz,54,Woman
728,Luise,Kreb,Sachsen-Anhalt,47,Woman
729,Davin,Schäffel,Thüringen,30,Man
730,Ivonne,Grötzinger,Bayern,23,Woman
731,Ayleen,Reimann,Sachsen,45,Woman
732,Tamina,Stern,Niedersachsen,25,Woman
733,Sanja,Fink,Hamburg,54,Woman
734,Devin,Bruhns,Bayern,45,Man
735,Marlen,Wölpert,Rheinland-Pfalz,22,Woman
736,Arda,Bürklein,Hamburg,42,Woman
737,Emirhan,Schwennen,Brandenburg,47,Man
738,Omar,Thiomas,Nordrhein-Westfalen,51,Man
739,Julienne,Schulte,Saarland,41,Woman
740,Sara,Thöne,Schleswig-Holstein,47,Woman
741,Ana,Lohre,Bayern,52,Woman
742,Marlena,Fleischer,Berlin,33,Woman
743,Thomas,Sladek,Bremen,47,Man
744,Leo,Schieskow,Hamburg,40,Man
745,Jimmy,Hehl,Hessen,39,Man
746,Arvid,Schwarz,Saarland,41,Man
747,Vincent,Trampeli,Nordrhein-Westfalen,34,Man
748,Malin,Thust,Rheinland-Pfalz,20,Woman
749,Francesca,Niklaus,Brandenburg,37,Woman
750,Keno,Bieler,Berlin,22,Man
751,Lorena,Sporrer,Nordrhein-Westfalen,37,Woman
752,Elif,Beh,Nordrhein-Westfalen,20,Woman
753,Thalia,Meloni,Mecklenburg-Vorpommern,39,Woman
754,Moritz,Cierpinski,Nordrhein-Westfalen,28,Man
755,Nelli,Faulhaber,Sachsen,41,Woman
756,Jamila,Mensing,Sachsen,42,Woman
757,Zoe,Hassfeld,Sachsen-Anhalt,53,Woman
758,Ali,Michel,Schleswig-Holstein,22,Man
759,Mathilda,Clarius,Hamburg,39,Woman
760,Aimee,Kohnle,Bremen,36,Woman
761,Franka,Kulimann,Baden-Württemberg,51,Woman
762,Maxi,Dreier,Bremen,25,Woman
763,Lily,Hache,Saarland,35,Woman
764,Darius,Kufahl,Bremen,27,Man
765,Sascha,Abicht,Saarland,38,Man
766,Elli,Kühnert,Niedersachsen,22,Woman
767,Ilja,Lokar,Niedersachsen,30,Man
768,Paul,Keutel,Rheinland-Pfalz,38,Man
769,Melek,Dietzsch,Saarland,40,Woman
770,Anabel,Seeger,Niedersachsen,52,Woman
771,Amon,Boyde,Schleswig-Holstein,37,Man
772,Marissa,Banse,Mecklenburg-Vorpommern,50,Woman
773,Pascal,Ludolf,Sachsen-Anhalt,41,Man
774,Ismael,Pflieger,Sachsen,28,Man
775,Larissa,Huls,Thüringen,35,Woman
776,Maxim,Gratzky,Sachsen-Anhalt,23,Man
777,Bryan,Nabow,Schleswig-Holstein,40,Man
778,Salome,Hense,Schleswig-Holstein,28,Woman
779,Stefanie,Lichtenfeld,Baden-Württemberg,43,Woman
780,Katrin,Schilling,Mecklenburg-Vorpommern,30,Woman
781,Timo,Mallmann,Sachsen,28,Man
782,Elia,Pajonk,Sachsen,31,Man
783,Lucien,Tilgner,Hessen,32,Man
784,Salih,Beer,Rheinland-Pfalz,48,Man
785,Ashley,Petzold,Hamburg,24,Woman
786,Yunus,Weidlich,Sachsen-Anhalt,37,Man
787,Leon,Landmann,Rheinland-Pfalz,30,Man
788,Ferdinand,Pichlmaier,Schleswig-Holstein,47,Man
789,Fenja,Farber,Bayern,34,Woman
790,Lyn,Roth,Mecklenburg-Vorpommern,38,Woman
791,Teresa,Wassiluk,Mecklenburg-Vorpommern,54,Woman
792,Anja,Bienias,Niedersachsen,39,Woman
793,Julienne,Schötz,Mecklenburg-Vorpommern,47,Woman
794,Sonja,Nodler,Berlin,42,Woman
795,Dominik,Becker,Berlin,48,Man
796,Aurora,Gauder,Saarland,55,Woman
797,Malina,Thyssen,Niedersachsen,53,Woman
798,Arved,Matthes,Rheinland-Pfalz,42,Man
799,Mateo,Ostendarp,Sachsen,35,Man
800,Giuseppe,Konieczny,Bayern,45,Man
801,Odin,Brenner,Mecklenburg-Vorpommern,54,Man
802,Santino,Olbrich,Sachsen-Anhalt,40,Man
803,Emmely,Östringer,Saarland,40,Woman
804,Robert,Derr,Berlin,53,Man
805,Ceyda,Kloss,Niedersachsen,20,Woman
806,Kim,Stratmann,Bayern,37,Woman
807,Karlo,Köhre,Berlin,41,Man
808,Yasmin,Schäffel,Berlin,34,Woman
809,Yannik,Nieklauson,Sachsen,49,Man
810,Enrico,Teichmann,Baden-Württemberg,34,Man
811,Lotta,Maybach,Sachsen,32,Woman
812,Marek,Spielvogel,Sachsen,43,Man
813,Denise,Gutjahr,Schleswig-Holstein,20,Woman
814,Cora,Grube,Baden-Württemberg,54,Woman
815,Carina,Gromisch,Berlin,52,Woman
816,Janosch,Hauke,Sachsen-Anhalt,48,Man
817,Adam,Häfner,Sachsen-Anhalt,52,Man
818,Adriana,Koester,Thüringen,36,Woman
819,Maya,Pajonk,Sachsen-Anhalt,39,Woman
820,Evelyn,Höcke,Berlin,25,Woman
821,Alexandra,Büchele,Thüringen,25,Woman
822,Ruben,Kahlmeyer,Hessen,20,Man
823,Melike,Doskoczynski,Nordrhein-Westfalen,25,Woman
824,Mohammad,Balkow,Nordrhein-Westfalen,20,Man
825,Isabel,Cronjäger,Bremen,34,Woman
826,Julika,Rodehau,Brandenburg,38,Woman
827,Ahmad,Clarius,Baden-Württemberg,33,Man
828,Helene,Derr,Hamburg,52,Woman
829,Amelia,Leipold,Bayern,32,Woman
830,Annabell,Köhre,Brandenburg,33,Woman
831,Nisa,Schoberg,Baden-Württemberg,50,Woman
832,Angelique,Benninger,Bayern,21,Woman
833,Sascha,Reus,Berlin,40,Man
834,Annabell,Tuch,Berlin,52,Woman
835,Joost,Giesa,Bayern,50,Man
836,Maxim,Röse,Berlin,48,Man
837,Alissa,Franz,Berlin,23,Woman
838,Jaron,Kahlert,Baden-Württemberg,24,Man
839,Frederick,Gehrig,Rheinland-Pfalz,30,Man
840,Tyron,Grossheim,Bremen,32,Man
841,Jan,Frisch,Bayern,26,Man
842,Annabell,Apitz,Brandenburg,26,Woman
843,Matilda,Bohge,Mecklenburg-Vorpommern,32,Woman
844,Kira,Porth,Brandenburg,52,Woman
845,Darius,Philipp,Thüringen,29,Man
846,Johnny,Mehl,Bayern,20,Man
847,Emre,Erdmann,Niedersachsen,47,Man
848,Luan,Pletsch,Mecklenburg-Vorpommern,25,Man
849,Abdullah,Mockenhaupt,Rheinland-Pfalz,40,Man
850,Meik,Eleyth,Hamburg,24,Man
851,Eveline,Rosksch,Thüringen,28,Woman
852,Mayra,Huckestein,Brandenburg,38,Woman
853,Zehra,Tasche,Sachsen-Anhalt,27,Woman
854,Nathan,Badane,Nordrhein-Westfalen,39,Man
855,Jill,Maisch,Thüringen,36,Woman
856,Kira,Dreissigacker,Schleswig-Holstein,42,Woman
857,Mary,Preuss,Hessen,52,Woman
858,Lili,Reinberg,Thüringen,38,Woman
859,Jasmina,Tonat,Bayern,25,Woman
860,Hailey,Böttner,Saarland,21,Woman
861,Meik,Nussbeck,Baden-Württemberg,28,Man
862,Kim,Roba,Schleswig-Holstein,38,Man
863,Bastian,Hübenbecker,Bayern,49,Man
864,Valentino,Gunther,Baden-Württemberg,48,Man
865,Valentina,Fuchs,Brandenburg,36,Woman
866,Albert,De,Brandenburg,20,Man
867,Jolin,Daubner,Baden-Württemberg,37,Woman
868,Liah,Klapper,Sachsen,42,Woman
869,Arne,Ringer,Nordrhein-Westfalen,31,Man
870,Edwin,Cleve,Saarland,45,Man
871,Dean,Beh,Sachsen-Anhalt,27,Man
872,Helin,Koleiski,Mecklenburg-Vorpommern,48,Woman
873,Monique,Jacob,Niedersachsen,41,Woman
874,Adelina,Busemann,Nordrhein-Westfalen,53,Woman
875,Medina,Thiomas,Sachsen-Anhalt,51,Woman
876,Luc,Gottschalk,Nordrhein-Westfalen,28,Man
877,Carmen,Grau,Hamburg,54,Woman
878,Carlo,Behr,Mecklenburg-Vorpommern,40,Man
879,Estelle,Paukner,Schleswig-Holstein,51,Woman
880,Elisabeth,Dahmen,Mecklenburg-Vorpommern,49,Woman
881,Melissa,Rossberg,Sachsen-Anhalt,26,Woman
882,Tiago,Döbel,Sachsen,25,Man
883,Jermaine,Wolfarth,Baden-Württemberg,30,Man
884,Ibrahim,Walton,Berlin,38,Man
885,Marko,Lipus,Hamburg,47,Man
886,Nikolas,Leiwesmeier,Berlin,22,Man
887,Ava,May,Hamburg,52,Woman
888,Juri,Schuldt,Bremen,43,Man
889,Lennart,Welzel,Thüringen,38,Man
890,Neo,Savoia,Bayern,46,Man
891,Enno,Zwiener,Sachsen,27,Man
892,Valeria,Hackbusch,Bremen,48,Woman
893,Colleen,Hübenbecker,Bayern,51,Woman
894,Vivian,Emmelmann,Saarland,50,Woman
895,Yannis,Winter,Bremen,52,Man
896,Frederik,Bertenbreiter,Brandenburg,38,Man
897,Karim,Harnapp,Sachsen-Anhalt,21,Man
898,Martha,Moguenara,Nordrhein-Westfalen,32,Woman
899,Linda,Abramovic,Bayern,48,Woman
900,Enie,Just,Mecklenburg-Vorpommern,34,Woman
901,Selin,Schönenberger,Mecklenburg-Vorpommern,50,Woman
902,Ayman,Sussmann,Bayern,45,Man
903,Fynn,Adams,Rheinland-Pfalz,41,Man
904,Elias,Mertens,Nordrhein-Westfalen,38,Man
905,Christopher,Wischek,Bayern,27,Man
906,Björn,Stürmer,Hessen,55,Man
907,Tony,Hasse,Hamburg,23,Man
908,Lutz,Frantz,Baden-Württemberg,22,Man
909,Selin,Kesselring,Bremen,40,Woman
910,Xaver,Nieklauson,Thüringen,26,Man
911,Henning,Porth,Niedersachsen,26,Man
912,Giulia,Tremmel,Mecklenburg-Vorpommern,50,Woman
913,Raik,Schumacher,Baden-Württemberg,42,Man
914,Giuseppe,Rangen,Sachsen,44,Man
915,Erik,Neumann,Berlin,28,Man
916,Leopold,Brosch,Nordrhein-Westfalen,26,Man
917,Shawn,Keutel,Mecklenburg-Vorpommern,54,Man
918,Christin,Zintl,Thüringen,52,Woman
919,Leopold,Bouschen,Thüringen,49,Man
920,Bennet,Margis,Thüringen,33,Man
921,Roman,Schildhauer,Brandenburg,26,Man
922,Tamia,Vona,Nordrhein-Westfalen,47,Woman
923,Nele,Fust,Brandenburg,26,Woman
924,Timo,Rücker,Hamburg,42,Man
925,Julika,Reumann,Sachsen-Anhalt,20,Woman
926,Flora,Doskoczynski,Sachsen-Anhalt,37,Woman
927,Adrian,Bienasch,Brandenburg,43,Man
928,Celine,Brandt,Brandenburg,54,Woman
929,Yasmin,Grams,Schleswig-Holstein,55,Woman
930,Romy,Cierpinski,Hamburg,43,Woman
931,Mike,Dienel,Sachsen,30,Man
932,Angela,Neurohr,Nordrhein-Westfalen,53,Woman
933,Cassandra,Bauschke,Rheinland-Pfalz,44,Woman
934,Romeo,Konieczny,Brandenburg,51,Man
935,Ivan,Konow,Thüringen,26,Man
936,Giuliano,Roleder,Baden-Württemberg,38,Man
937,Naemi,Gerhardt,Hessen,20,Woman
938,Amira,Dittmann,Bremen,37,Woman
939,Cem,Malucha,Sachsen-Anhalt,20,Man
940,Matti,Duma,Mecklenburg-Vorpommern,38,Man
941,Vanessa,Klein,Hessen,36,Woman
942,Jan,Thriene,Bayern,38,Man
943,Alea,Schwarzkopf,Rheinland-Pfalz,22,Woman
944,Justine,Elbe,Niedersachsen,47,Woman
945,Lisanne,Heinig,Bayern,35,Woman
946,Dylan,Pfersich,Baden-Württemberg,26,Man
947,Maximilian,Logsch,Rheinland-Pfalz,26,Man
948,Janine,Häfner,Hessen,41,Woman
949,Jaden,Mohrhard,Schleswig-Holstein,40,Man
950,Angelina,Höhne,Niedersachsen,47,Woman
951,Annika,Schütze,Bremen,43,Woman
952,Lilian,Knorscheidt,Rheinland-Pfalz,27,Woman
953,Ayleen,Schwarzer,Niedersachsen,35,Woman
954,Abigail,Bittner,Bayern,28,Woman
955,Milena,Kurschilgen,Schleswig-Holstein,40,Woman
956,Stephanie,Zekl,Brandenburg,27,Woman
957,Onur,Renk,Brandenburg,49,Man
958,Luka,Jamrozy,Rheinland-Pfalz,55,Woman
959,Marko,Stöwer,Schleswig-Holstein,21,Man
960,Jeremy,Friedek,Thüringen,53,Man
961,Finia,Borsch,Mecklenburg-Vorpommern,41,Woman
962,Chiara,Blochwitz,Hessen,25,Woman
963,Semih,Apitz,Baden-Württemberg,48,Man
964,William,Moede,Saarland,21,Man
965,Ylvie,Kustermann,Rheinland-Pfalz,44,Woman
966,Anthony,Schimmer,Sachsen-Anhalt,28,Man
967,Joanna,Schenk,Bremen,24,Woman
968,Pepe,Abramovic,Thüringen,36,Man
969,Lia,Kron,Schleswig-Holstein,39,Woman
970,Lukas,Hepperle,Rheinland-Pfalz,22,Man
971,Madleen,Stengl,Mecklenburg-Vorpommern,41,Woman
972,Alessa,Ullrich,Bayern,30,Woman
973,Ivonne,Schonberg,Berlin,52,Woman
974,Dilara,Steffny,Brandenburg,46,Woman
975,Eddi,Badane,Saarland,47,Man
976,Denise,Mächtig,Sachsen-Anhalt,45,Woman
977,Sami,Büttner,Sachsen-Anhalt,51,Man
978,Ilias,Hillard,Sachsen,44,Man
979,Eva,Klaas,Niedersachsen,43,Woman
980,Naomi,Hess,Sachsen-Anhalt,48,Woman
981,Elly,Dold,Hessen,39,Woman
982,Finnley,Steinecke,Thüringen,26,Man
983,Josef,Bourrouag,Niedersachsen,32,Man
984,Ansgar,Niedermeier,Sachsen,21,Man
985,Lenn,Soller,Brandenburg,29,Man
986,Claire,Sielemann,Hessen,21,Woman
987,Alexia,Reusse,Nordrhein-Westfalen,44,Woman
988,Finia,Denzinger,Berlin,48,Woman
989,Laurenz,Baganz,Brandenburg,25,Man
990,Nelson,Lange,Rheinland-Pfalz,31,Man
991,Theo,Gerbennow,Bremen,54,Man
992,Milo,Mesloh,Brandenburg,46,Man
993,Ceyda,Lenz,Brandenburg,22,Woman
994,Lilith,Moede,Bayern,21,Woman
995,Aliya,Kuprion,Nordrhein-Westfalen,23,Woman
996,Giuseppe,Viellehner,Hessen,37,Man
997,Charleen,Mielke,Thüringen,21,Woman
998,Denny,Martel,Bayern,53,Man
999,Danilo,Allgeyer,Mecklenburg-Vorpommern,26,Man
